Айдахо,ID
Айова,IA
Алабама,AL
Аляска,AK
Аризона,AZ
Арканзас,AR
Вайоминг,WY
"Вашингтон, округ Колумбия",DC
"Вашингтон, штат",WA
Вермонт,VT
Виргиния,VA
Висконсин,WI
Гавайи,HI
Делавэр,DE
Джорджия,GA
Западная Виргиния,WV
Иллинойс,IL
Индиана,IN
Калифорния,CA
Канзас,KS
Кентукки,KY
Колорадо,CO
Коннектикут,CT
Луизиана,LA
Массачусетс,MA
Миннесота,MN
Миссисипи,MS
Миссури,MO
Мичиган,MI
Монтана,MT
Мэн,ME
Мэриленд,MD
Небраска,NE
Невада,NV
Нью-Гэмпшир,NH
Нью-Джерси,NJ
Нью-Йорк,NY
Нью-Мексико,NM
Огайо,OH
Оклахома,OK
Орегон,OR
Пенсильвания,PA
Род-Айленд,RI
Северная Дакота,ND
Северная Каролина,NC
Теннесси,TN
Техас,TX
Флорида,FL
Южная Дакота,SD
Южная Каролина,SC
Юта,UT
Американское Самоа,AS
Американские Виргинские острова,VI
Гуам,GU
Маршалловы Острова,MH
Палау,PW
Пуэрто-Рико,PR
Северные Марианские острова,MP
Федеративные Штаты Микронезии,FM
